loss_pk,val_loss_pk,loss_dl_polyK,val_loss_dl_polyK
3.9547743404141684e-07,1.339847364491613e-06,7.763162724129201e-07,2.833313463523063e-06
