loss_pk,val_loss_pk,loss_dl_polyK,val_loss_dl_polyK
2.923753019288782e-08,1.1761409722592597e-07,4.660082287032278e-07,4.1186318701810867e-07
