mu,loss_pk,val_loss_pk,loss_linear,val_loss_linear,loss_bilinear,val_loss_bilinear
mu_0,2.859484321376089e-06,4.552408562521663e-06,4.6138259054051934e-09,5.973127391387621e-09,7.741566699789211e-09,9.801967835188714e-09
mu_1,1.973050218715526e-06,3.798830186494291e-06,1.2299711269047917e-06,1.2703130311786715e-06,1.8665757840138478e-06,1.758700411292558e-06
mu_2,8.08731734734427e-07,2.308740860742303e-06,4.162767702591133e-06,4.8922731418133e-06,5.187154604158939e-06,6.024942279377622e-06
mu_3,1.8923981928734672e-06,3.188538514272624e-06,1.2420160972746534e-05,1.2574629524277093e-05,9.035610726291722e-06,1.0915700967072208e-05
mu_4,5.332581186429254e-06,1.1997492235836666e-05,1.6053710873967398e-05,2.0272870798772017e-05,1.8434452316160736e-05,2.12293220312186e-05
