loss_pk,val_loss_pk,loss_dl_polyK,val_loss_dl_polyK
4.999488538174778e-07,4.307288737682425e-07,1.1397904618298196e-06,8.327290185980125e-07
