dict_layer_size,K_layer_size,mean_loss
[32],[64],0.02633095071159264
[64],[64],0.024807785175518824
[128],[64],0.02799933406020021
"[32, 32]",[64],0.03141113521003771
"[64, 64]",[64],0.03086575233441825
"[128, 128]",[64],0.02618159606141914
