loss_pk,val_loss_pk,loss_dl_polyK,val_loss_dl_polyK
3.1389046545339557e-07,1.0282378139867796e-06,5.673666501358172e-07,1.8629263052732166e-06
