loss_pk,val_loss_pk,loss_dl_polyK,val_loss_dl_polyK
5.0318401908849775e-08,1.460848940576405e-07,3.906665988641603e-07,4.5947412844545507e-07
