loss_pk,val_loss_pk,loss_linear,val_loss_linear,loss_bilinear,val_loss_bilinear
4.3780886285257605e-08,4.140318134551936e-08,5.274728094395728e-07,4.436442239938958e-07,1.649228991060821e-08,4.319458129003311e-09
