n_psi_train,n_traj_per_param,dict_layer_size,K_layer_size,mean_loss
1,1000,"[100, 100, 100]","[256, 256, 256]",0.0001255858855327255
5,1000,"[100, 100, 100]","[256, 256, 256]",6.463935725185004e-05
10,1000,"[100, 100, 100]","[256, 256, 256]",4.488386944010712e-05
15,1000,"[100, 100, 100]","[256, 256, 256]",2.1000523429072708e-05
20,1000,"[100, 100, 100]","[256, 256, 256]",2.210473282046364e-05
22,1000,"[100, 100, 100]","[256, 256, 256]",1.5080601836513007e-05
25,1000,"[100, 100, 100]","[256, 256, 256]",1.432951266689825e-05
