n_psi_train,n_traj_per_param,dict_layer_size,K_layer_size,mean_loss
1,1000,"[100, 100, 100]","[256, 256, 256]",0.0017606386110133889
5,1000,"[100, 100, 100]","[256, 256, 256]",0.001111201930598358
10,1000,"[100, 100, 100]","[256, 256, 256]",0.0007009844539399102
15,1000,"[100, 100, 100]","[256, 256, 256]",0.0003337232692493777
20,1000,"[100, 100, 100]","[256, 256, 256]",0.00043302645215076365
22,1000,"[100, 100, 100]","[256, 256, 256]",0.00025677852375186267
25,1000,"[100, 100, 100]","[256, 256, 256]",0.00021834459987828993
