n_traj_per_param,dict_layer_size,K_layer_size,mean_loss
500,"[50, 50, 50]","[256, 256, 256]",1.123799029651258e-05
500,"[100, 100, 100]","[256, 256, 256]",6.948933174328085e-06
500,"[200, 200, 200]","[256, 256, 256]",5.300942312943418e-06
