n_traj_per_param,dict_layer_size,K_layer_size,mean_loss
100,"[50, 50, 50]","[256, 256, 256]",0.00017151568002171232
100,"[100, 100, 100]","[256, 256, 256]",9.099176693092114e-05
100,"[200, 200, 200]","[256, 256, 256]",0.00013442004063163516
