loss_pk,val_loss_pk,loss_dl_polyK,val_loss_dl_polyK
4.52312771420281e-07,3.796186715358733e-07,3.6516932376835535e-07,4.833984132478401e-07
